id,cuisine
FXhSEZfIqjMZh4hR0_8jMQ,chinese
uVfOB37NyYEGRs5FITM-nQ,mexican
G5YZ7UcqCEYtezOxEETZjQ,american
PqqnNrUtU7XTKQvUM4cyqQ,mexican
Q9F2ocrmYuGt1yn3M7MOBw,pizza
5DYXk15LwSfsuc89MeU6Pw,caribbean
KEEXuHCYhsQJ-zpJhu98bA,pizza
P_a_taGxqxvkzdzp51Bm7A,bbq
BK99GBVm_V6n_CTsc65mTw,mexican
8CTaeOtqr461Ah5yWcnCPw,mexican
uXsYr76zioJq7jjOKRwQog,japanese
utM-5navObsVA5sCRHobzA,american
U2aUFZARLeSMf4RQIxjuTw,chinese
vTn3ww550Rnhz9naIxtjww,pizza
nI1UYDCYUTt23TpGxqnLKg,chinese
LcyrHytfSy0r048ew9-UXQ,bbq
pfmAcS-g6SiNG0KlLvrqnA,american
wzmeaMTm5cZ1JCjep7iQeA,bbq
1ocm2YeYQJ3KveEBDcXAqg,pizza
ub2VfE7SRLJABAClzGZp3A,mexican
kIm0oeOaVfC9-2flLPVklA,pizza
Jx3xWeqYnyWOIhSlAlggTA,bbq
4FD0TAxe70nb3ngk3sXF9Q,chinese
__EvomQ2tE1NtkWn32WEXg,american
8mmM20X369_Do04kW7-TTA,burgers
mhrLDFTxUzW2koRAzjlt5g,mexican
2N0rmZr3YVSa_sZYTJHxIA,caribbean
hGksyTiHBBdrhbiVjXzWVw,pizza
RAE2yM_5uQlKg3ZFLGsjFw,caribbean
PTYUAAJbEmvIv4EsyRrcnA,japanese
FZpm4_fbd6P984foOUejWg,bbq
H8qcX7MNNnC1bqE0LnIhKg,pizza
vmU2oLglodmiFK0iQGzDFw,caribbean
ry7XCoXXxS0DxRmzZLFybw,mexican
zrH2LbIGJ5RsixMmHFnl2Q,bbq
eQ4QUGvuHGBzsOrphsVc6A,japanese
4UxmxAqehEIh7fYrzUEA7A,mexican
X73hpslpgeJNhVohYIUzfQ,japanese
'-SYHh9DWvYuBZxkA4gfzHg,mexican
mlGfXoxc8cEss8Yms6VrXg,bbq
P6O2I3PbON26-P9Jhb7Q1A,bbq
igcUHNvsKc-s-RtvUmkg2w,korean
7bD22UAtH56ikWYslOSIQg,mexican
vyKBwzRdNX4yiJDIFv37iw,mexican
oJ_XSPZFpvIt6rvheSQl7A,pizza
mmAlHhnTDXIohPC3wfl0hQ,mexican
0sNH2OU3RiV3uf52M20L1Q,caribbean
hGo9KArKThuOKxNbwmNpoA,american
NRJq2BNcbjqAyxUB_bw7gw,japanese
fKyEX3Dr0K4geeNOpXMqkQ,caribbean
7Bb_IDWV_zJqpBjAvxuBIA,american
4LoroCI3VtQ17dyQa75-Rg,american
Xd_l7jtUAZZAAvK8-mI2Jw,american
EKkHfSYTm266-ZBve3SdgA,bbq
sQw7aEos_0FmO0UFtrJokg,chinese
ojbH3wnRu050hRhkmoxRiA,chinese
6ECcDYsRgmfv0eKXk-c11Q,pizza
sBCJYLPNJuagg-aJ3Y_ozQ,chinese
wDuf4Qz9qsC62amLZgWNJQ,chinese
o-kfxonPwQOWQNBvfkBkWw,pizza
7-aFmvscXWT223jlWrOkWg,mexican
xVduej7-JiPrZzsFXIkIDw,bbq
IZ9-5z45wc3Oh_jlnX_Kcg,pizza
2u8T56A4qu-MjeuT-v7s_g,mexican
vpkTNjq9dRh9rT3Nh0pe-A,pizza
DTtA88kTkuAfq-Uccl9Pbg,bbq
UbOYpFK9lzJh4c6SyUELjQ,burgers
zxdsVR_hHUzhBFfus4yd7A,mexican
uC5_J2l9uwTleh7j5W__kg,korean
gXnC_aZR09BvqEQKGKFjBg,korean
vVVmHacu2YAxKfpIjhfd1g,pizza
1M87aOeBnfmFdEfpHpoUfA,bbq
BbMUXd69i0tlWS2aoppwaQ,mexican
fgtw4swOHXEFwZpBCG05rQ,burgers
k8vE6g59i4JrAmXd6K1g5w,bbq
PAJdNrD4HFBN16OAFeDx4A,mexican
KBW0EP-prQBhkqqGJCxmXg,caribbean
QyB52nUrwJRY0ipuwcfR_A,burgers
xrgzB0pvsxeGEIboE6I2gg,pizza
qm1J_dPA5IHij1oAnoZwHw,japanese
2ggi1luerd3Mf_C82JvCYg,pizza
kueEZRLEaNVo6Cow3hf56Q,chinese
Zk8UgB9MDoIHWFYgAxNlIQ,mexican
FYWwW5lcxKzaA98Xgw8bqA,japanese
DpfE0gPBXj-aj2pnEh4E2Q,chinese
6lUsFj0KCao678o9L7QwUw,japanese
AqplnJoY5I68hqHx1_gR_A,burgers
KEBKGGGkDhnuYdKrjzZblw,bbq
x9ADy3a--S_6Oqn_1KLipA,bbq
'-Q6u3AkGnfxuOQl_o8prDQ,caribbean
LF1QAuvpfX7KGQlg2zMg6Q,pizza
e5wK3I_THzF4Ce_OgoSCQw,korean
aTmNnrx0XE_nTSFFzXnt8w,pizza
GjAHO7PA-3Sxg1lkGza4sQ,caribbean
HYoPErHY9ZvtfXXCDmDOhw,burgers
'-9NO2IDCJMyNGZMAQ1-VQw,pizza
FeSynfcDT4qB2kDixHUQCA,korean
DTKKEogIt2wQm4UULYVGug,mexican
YC-wGlO0oOkEIaCEDZv-ag,japanese
xLJnT-pB4VECJzmUf1Whpg,chinese
n1xpGOPa7XRq4or7QLjzHw,japanese
BPZfuPvSxCfoppU4lPFm0Q,japanese
VDz9n7gwcq51wOAbTBdXxA,caribbean
mlm40NxsVJUPnh3LTayaaw,japanese
C-8mGN7lt5rIraO5n-15ug,american
RE44EfrAGoE2aIsr_BFTKg,caribbean
yEWj9Vm-UyYsBD1l8oCwCA,caribbean
UK1oGbr8GU2rufpnJR4-HQ,chinese
mWS4umRg2AyykyAClMrIRw,american
3aMjf-zblMsOYnzXV5D70A,burgers
pG-IkylRFOb-HlaD8NwvvQ,mexican
NDntYYgQlNSMZcminW03rg,burgers
R5jpETY0OshPn-AeJjs0fA,mexican
0SqFgkdmfNWj9iUQgfghEA,caribbean
LBX7IKwc2y5_0mbCXkYC-Q,caribbean
rYw5rQbWRX9buZHZbxqWdA,chinese
KrJ6m_TkxBAPPSNH-G7rvQ,japanese
FhXjAc6nKLf414KxYujUHw,pizza
Q1TpfbuPwKPFrNFyu-u2_g,chinese
16ZnHpuaaBt92XWeJHCC5A,pizza
M-odQWSEfsR2mVEw7nKG-g,chinese
xtxcAUvrD4dWHJd0cwvW1A,korean
fX_E2J6LqK6u77zNa8xyJQ,korean
NgPXeIWQicIXxjxSlGXvjA,burgers
7OMGEtFWT6sdd9TVuoGqJQ,japanese
jc7lVTvmYMIK5RNpENtS6w,chinese
fVbUVAiLiGgLA_nxBFxyww,american
kn9rgR4KlvyTTi-s76OIaQ,mexican
zyyT2yiyxxamC-jKc0v-fg,caribbean
xZ96vaoL-cQjfotmUKtjJQ,korean
HFn1sPqKSzvxaMk2n2ZtJw,japanese
kEswi0_V_bhJJwTCspOwxg,caribbean
klAhw3xLQi9GF1tf_HnS7w,japanese
oOr6Ta5gZyDl6PyZ1cq7pg,pizza
ax4INkzwL__-d_kGJfcA-w,japanese
FsuJ7VC5vxX3wcLhFrb97Q,korean
MyQV4i518ZO4CLudtR8gLA,american
0IwdwNnbro5RLLIlaxyfpQ,american
0czWwSVOVjVQaefbL4Zq-g,caribbean
xq0cX_DgxiJMXwhmEl9kUA,chinese
RzKR9QcYP03EQ_8DxTxowg,mexican
CDywb3LHVYZlQL2-woTiJA,burgers
L7SAE6REtK71TNI2C98_bQ,caribbean
W8flNX3SneJlQBQt7C9Q9w,bbq
np98mkA22LYf6kCwCL59pw,american
NDIrifAl6K-RrnZ2D3ZGbw,american
l0ZOGV9tohkpfHiZ-3XSRg,mexican
A_fZL0ir_actclrL-ePTOw,chinese
Vz_VSDTLuuEfaku4ihKTvA,american
GRXvvB1OKMuW4XDWEaVAlg,pizza
TDyu1-6XF7r1jc13j7nDNA,burgers
2wVirrAVg3ltAFHoHeXHMQ,chinese
8Oo2AtQEPDfxIOnA8wfXoQ,chinese
FizBsTIAJwNrImIG1mPDcg,korean
v1DHGRNCH9247WLYoaoA9A,pizza
D2qV8sDdHEFlHbVz7VSHRQ,burgers
LHcpOjPtc8QQCrFiRFjWyA,korean
HUKn7SlSjYtemmPiGLnD2w,korean
SNhDVaf_n7VDZcfry8mYdA,chinese
37RhWHnMsnjULuoN95Bg9A,bbq
M9ocxj9j91I1Av32UKSeYA,bbq
'-J8VuX3wGrYSOBu2G0hMsw,japanese
ettNH3FWzwaHCBMSFuy5tA,bbq
vZgJyMZlpSSS_Y-duxd4_A,chinese
WIhm0W9197f_rRtDziq5qQ,pizza
LSTcQPMmoSdd68zur-aNdw,korean
QfCbV1_VIjfCkowro_WGNA,pizza
9_CEU7Wmvmwlyvqr-PJD6w,mexican
lhEzTykkqFz92Vq2uILtyw,american
axqp3pGJXnTLgq2QrPyDyQ,japanese
hO1T1fG5f5FbvOP2124rpw,caribbean
kN3rkbjvqkY62CDRYUVz4g,japanese
uoT2_Wrt1noD6kZOID7tUg,american
Bb0h5Rs8ugSM2CjulRhfBw,chinese
ZTsN8TdMXl8SW_AKd_ablw,pizza
TTGFxOebpxfLVVFqfZemKA,korean
0ef3Q3RvIqfFzZoOfA2amg,bbq
BNaveJmi-OUGKG9sRfrIhA,chinese
Lz_9RXFKmOaSA4IpgV6NlA,japanese
Q39xJvqJaM1xgDka8bQ80w,burgers
6Ct7OeTRn4caY9g0swFBsw,mexican
xWUL-j6TQyKQHIfOtetu-Q,korean
cOtB9fWWLrbaBebZDjJquQ,chinese
diz6_4TVSP6EdWEZCZ0Acg,japanese
TkBJW-GIJF_6wW1OG3i-8A,caribbean
9AXTJkwXdWaJaQkCjpj6mA,american
uLWp1QR_W2WJImMnB706hg,mexican
pCfGgX0WxGASGM4-Yhr2Pw,chinese
scTDvJ2M2jDbb1ntVeIyxA,chinese
rPTX2J5KGDkN1QhPD-QOvg,chinese
0qLiJ70Iciz3K9JVmwY2tg,caribbean
4RxUiL0GdnxTx9an2x6gRQ,bbq
RWWlZxOYALuHmBXHc2M0-w,burgers
Zzvqc7XcyGVX5bnjGN9IXA,bbq
2Bg8Jfl2FvH1unmvxNS0dQ,korean
58PiUR8qffSS9qJl_dj6tg,bbq
xxgcU_oFIox_pAmroo9WwA,pizza
VdAVjghEq_Zl-DDte0mjrw,japanese
CrvXivXCs4rufuDgXydTng,caribbean
pok45lXRIUBfvNxqd0-gjA,bbq
B-mq9Z3m4icTcBFjYh662A,bbq
7iY35991NhQ1AShJZCNZgA,japanese
h5WkewI6U7NjLB_n6WgdvQ,american
fLK6fbu2H7pPQhxr-T96UQ,bbq
wfGFM8zvdw9Zs-jxsTdjww,korean
nsAU6F2vmdnphmfIa_RuWg,bbq
pqqhHTz_ZpApsaWGa_zMTA,japanese
3idAtiEXe_XfTcPoZC_DcQ,american
gKZrBbZv0tqS_ksMh5wqBw,caribbean
zEIt0xaPM9DIS-pc118O6A,bbq
po5mseP4sD99YiRYA6FSfg,caribbean
uEKiv6WEPg9dWj10HCur5A,pizza
qoBcWhGwlcUsKIQ2nB22vA,pizza
EXQ0x2W9RTydIlHAU9MU1A,pizza
s0Klxfd2XRZSrATjzEimBg,bbq
9fG8-RRh1rzuCKN2TmF-QQ,mexican
L7_siqDfU4-ZA17YtA-SBg,korean
w4cFJhUpjGXqqWBd3BbY4w,american
rZ9OFoSqy8u4WECfh--ylg,pizza
RfxOtJ4SQmEeVX_XjFLWUQ,american
uc5qQMzs96rzjK27epDCug,pizza
GpWXEpVyehmKP2WQsD_Y8g,american
P_UREWCQxEYVbBa-KW_Wew,japanese
pNe8ZCkGTe4cXfKdOF7kYQ,japanese
q11TljTQd33XCWlVoPyRqg,american
9phYK1esfjNkdd5UPIt9_w,burgers
LMyvruexOQzzHQrAgbdqiA,korean
R26zweQ8-xoZS7iHkXQOvw,chinese
lxQ-tzFmL1tmUqZUN-CSRQ,japanese
aRnqeB3ANO_HKETtyL7rlA,japanese
9aJ1MVTthZw3QjqoG7mPjg,mexican
iSjPBJRiWqrgxW7ZM3CGig,chinese
8xpGj_YkI2X6QxqXUJPw7g,burgers
15pcxijuNY8BMNzBhABt7w,caribbean
nrwOQSXoRXfAYhkdjiUk8g,mexican
C8j0q4Ma_S5hBGuAI-aaww,pizza
vqmSE-4AEUyCwLWUiKU-3A,burgers
ci0-GO_iMb0NdTCUYWjocQ,mexican
WE_dce2JKcv-VoFNaqiJ4w,pizza
xCHApgtkLpEyh0lz-uhZvg,chinese
wfhMIiMh2A2psCGONOVSlg,chinese
iQq4-DZDD-pwhOMXRK3j6A,caribbean
8F81LrdFm6P5kkFpsw0n0w,american
gHdejB1Mx2P5UjAgZ6BT2w,burgers
ocnHpILS80DHL--34L8xpw,japanese
pGYovGGnxm0tMmkiQJPygA,japanese
J3NT61-AH5d5Gu5tFJhYSw,american
bB8dHfAEJrF5tNcHr0yJjA,bbq
H5jHfG4ZkNPaG6vojmAXww,korean
ogCC-lJJYnwXDvKGmKZ6Sw,korean
jnEv25Y2DosTq2sNnvmC9g,mexican
MGKoqfOinZbW3NkV2fYhIA,caribbean
bpjDo7svAFD10eszaOPQHw,burgers
4zBGXDXg9DzK0IROwCUeFg,mexican
cOXYWZ_GTX-_ue_kveguRg,korean
BlzlywklvYdek5uk_NCX9g,japanese
FcHVRbMcYY-D1Glzwo3ofA,chinese
'-CCfu19Uuy_kD2t4ZwsQfA,pizza
H26qMBb0OFNn2xmSTM1Phw,burgers
Brs_MJhAXe60iMnlpeqkKA,bbq
qY1o1MhoRyN84RRhUJtvpQ,korean
t_UObgQX6M_ZRn3tk2cXYQ,bbq
Oq1mej1BYfjcdPKkM_5o8g,american
_M5FVY4hkcuU-ASdVZPfRQ,mexican
DVSm03qNU7zE1mv1QSKnsA,caribbean
D0EV-xXaUUi35raZ_hWg-w,korean
CfOBb6NU2awo8xclJpKU3g,mexican
AAPJkyU0Y7Aci0RZBdJONg,bbq
S-orV8mh7O8POI3EZzndKw,burgers
6qcydPo5eTSB4XHyyZDvkA,burgers
QnHBif00Fg0n6tJUj9ZX2A,caribbean
icZcEK39HXuL2q08i4EkkQ,japanese
G77Q6kU-7qRefColCRTS0w,pizza
tC4D1a5CR69VyK5VrHimQw,caribbean
w3wKbjuNCZnYoPOr-FCk5w,chinese
4h4Tuuc56YPO6lWfZ1bdSQ,pizza
4pj4ol7lXiytDD-BTKe3kg,mexican
FCqKzOUM6DAxjU_xkXdhzg,burgers
xiEBdZ8z5KY21Vw2pY2fJQ,burgers
6gzQLjzJk25ePm_JS7ZAug,american
ldEnlFvW6Rqqoryh6hdDpQ,bbq
wqdFd3DZD_uTXRW784mFkg,chinese
0CjK3esfpFcxIopebzjFxA,chinese
bEX6x37jrTRsb86drt8IDA,bbq
Fyzulvq2QNhoaPnNfGvGGQ,bbq
MEz44tgJJ6GNg-RN2H84zg,pizza
n_0FM-6aEyjTMDcz5PKEfQ,pizza
jcZ0EKRhIkEk3a8iOv8Axg,caribbean
TWH4MjLtN1fKlF-7n6YXHg,pizza
fHHpSKT9u7PQBYaMW5cEkA,burgers
SXWnyFNLCehVlJPRxk7gAg,mexican
vyoA8dxwScuMV_AsTcjQcg,pizza
xGNzAsakHgbbl9fwgSoiUg,mexican
zj8Lq1T8KIC5zwFief15jg,pizza
kesYSgOJW5krU6L8n9qQ4Q,japanese
S4uozcDEieoaXxIJ6TsUoQ,pizza
C3tP0fNNAoxOAC3O406CXQ,chinese
fSrNR5LTGNZ0prZWGivLrA,bbq
i8d88iU8p1g3JQml4wxSfQ,caribbean
f48yzy50jQDH7X5xFAluOw,japanese
vfYhEpp0x-DrNjC6GSJjPQ,pizza
6rgmK1O2nN5MviWrPQ3h9Q,burgers
Aaq-nph44s6nLmHzRyOoOA,burgers
a8Lj13uc3Hhyjm0eYL90sw,japanese
UKy0nNjMkOBEU3dOCH831w,caribbean
3gqKLANaXNsHZnPDjKrcTg,chinese
olRNNJCJ2TJvPRmjBiOcGA,chinese
BQcgpQxUM39PMO_YDl_CqA,caribbean
Orbsfc3nI21mQ8cwSPahhg,american
95a04LtXLX6gePhPEwff9A,mexican
l0vT-Cw6JBmhhJhCOT8b0Q,korean
2jkR9i54loLxuaowoPX5Fw,korean
z5hRX3iJ5Ty_S38iG_WY3Q,american
i8ejDDR4COtukAAA1Ls5fw,japanese
orYWYTk6kNK1YODsADk_tg,korean
IjQ2yGUKkvP0JIldT9vRFQ,korean
vB2JQHfnLJw9nEh66MgE2g,bbq
qOp4T7UxfL6MgO41dN3Qlg,burgers
sfsjk1h50ooC2ioY7m48gw,bbq
DIxCBcbfu0ABFnm4SNk5OQ,bbq
XXh8UiWVywKxGnS06WN8PQ,caribbean
ZaJS8EKQNSaQpwpmgN-vVw,japanese
XzUW9MvEGOFs9_aNj11j2Q,bbq
i_rg-OLXQbpRUN7O3MeCeA,pizza
Nnuz_Ic0IdWOUbl64r4Hkg,mexican
Wx6lMnEh7dCmX-9PQF1Ifw,mexican
N5UY113nNpeKdLPv0cbMjQ,american
JXcYD52B4190gIh6_RSXCg,american
PAQDvkvVselqlhOc0Mh92g,korean
AA9wpuJRhkSHUePAiv3otA,american
SLfVjeW6AauL6zaYjsCOTQ,korean
OLSSJIp8pu5UlugTF7tuHA,japanese
ULt3kmA0_hbZ3j6cMORCaA,american
lynQoI3w_pzYfHGeuUU-Qg,chinese
FlZ1zdVEKWv7dwqm8Uw8-w,japanese
9QK3vhI04Q8ylqk49C3JcQ,japanese
'-KKgqE2g4c1cH4YmmDR9CQ,burgers
FavssEgZjXFi2unEXePkVQ,mexican
lSQAmoQtmciUld36ogOoOw,korean
1LIptXhtDh58vAA-QPFL4w,american
BCwSqk9WY5woPkWEkvWkMg,burgers
4axlhxyN2bKuRWfnY2IhuQ,caribbean
LsITU8KVYMhV_fatv84wWA,bbq
aDa_tRm65ODVcJBUcx2QOw,korean
vLt2PHLh9AtKh7fIIvwCWQ,caribbean
uYLIo8FCr9Ug5SFORDdsPA,burgers
n-JSnKZcF1Bs-RPcIlb0qw,american
hmdm-dO72hLsMQwQRcGEUQ,american
_saXnBy0Wq2Gb3YusWZhqw,korean
_vQugjzPLr-4udYpiISieA,bbq
VCVCmflFEkQ0qRDQ805P2g,mexican
Ck09FempamAKGSPsV_bX-A,mexican
o3He-6mub9ZTmBl23Jwy_Q,caribbean
UA2M9QFZghe-9th2KwLoWQ,burgers
KfJdtE6Aj-MTGtBw-2Imyw,caribbean
WG639VkTjmK5dzydd1BBJA,pizza
YqWXNq0Ku7cGb6Zj1j43Pw,korean
iZeAlmKKvxnPu5oUKN-B3Q,american
_VWpp7qBwJTAEwc4U2QX8Q,bbq
Ms3CAGddVbgetiQrpzqxPQ,bbq
zX8IF7oCbw1HrNaPmOBy-g,american
nkfUKb7oWQt54Uz9VQLhUg,bbq
KdQ8DYVwpghvc0ytNpqOyA,burgers
X8yEmEDD9ZTkHoIRFqzcRw,korean
Eq5swPd7gqL_n5XgQqmKrQ,caribbean
0GN6l4FAknTFSWZhEan45A,korean
5wMhIUdl9d3WJZpIW8dxDQ,caribbean
Dw0D3560Yt3pQtdm74gGeQ,caribbean
BkXb82Y2OIsQ5RpNNQOYmQ,chinese
md5mjDamLsh1uxHDU9PfGA,korean
XipQLDbyTl5tsLlyzAWzug,mexican
Kqb7MjTPNkjPMoFRd-rWpw,chinese
RemvTpxalDjSew5HwmNzUQ,american
IfIyjm4SfORGYPbaAWST3g,mexican
DhBhEWMVLDxYF14a1znUvA,american
aZ_a78wVWnQnV6BdMwcFVA,korean
xrZWbxETIF8qj6h4uvhJrQ,japanese
bVkjBJlAIwKAj9Aw1KVWjA,chinese
R1C1TAIbC4cs_A58pppAww,burgers
8RdzB-X0ogBI0Cx5-YmGqA,caribbean
VvsZAnEwU4c8Xkyrzx05Nw,korean
lXPQ5iNQjEPxX86D8YLV-w,caribbean
xN4yKQMzo3PIoQlFamUOLQ,mexican
0UdC0VYX6aAvLiOcpR4MVQ,pizza
wbOeQWie2YoRWuNkiI5BmA,bbq
8wMJdpw2R_4VfS55itB_gQ,american
m86CNmYThtzzWB3nPnrhbg,american
5W55UFYVTAdPvvo5xH0DbA,caribbean
W_DXM1ZCcM9NTFOR_Jow7w,american
xpHm-sIPxE-Vv1Ypf9QCoQ,caribbean
vWoT1h8E2eWvIdJqpuxfdg,korean
6FZf17rNThWKoF4EU18wnw,bbq
ysqgdbSrezXgVwER2kQWKA,pizza
Ww3aAPf0sA5ygAXu2qV1ZQ,japanese
qEe7nIhPfEL6L0-VYhWRrA,japanese
SChgaLrQNKLd-Noei1Tocw,caribbean
JrNXp1M7RKzw_2bG9i0RZw,burgers
jvBtgqUpW0v4wO5QQ-HALQ,korean
97q5nUQTuBo_h00XCxna2A,chinese
MfbVI5reXLIIs8Cc2HwgQw,american
fMf4P22m65creknIICuaXA,korean
FXgSgiLg6xgOO8zrG51mzg,mexican
QzweHZrBpVaYgrlcVdaXkw,burgers
yZs_A8r0qDz7Z5bR0C-aiQ,burgers
v8tuFxvNkKdZytWTn9BhMA,mexican
RYKGs45OjF-vlb2Ds2Jb_g,japanese
dkAj-3gmkvdA4XkJmw6hCw,burgers
pGr5QuQU7Ur5GHLvXbT8bw,pizza
XsXLVWr1UZWVhKThNvNiaA,chinese
yZdql8Gs3LtfFm_bvJB7oQ,caribbean
0dDCDQz7DrKkSvu9h2hcQw,chinese
xkvv0n7jbl4Ra3Vm_jfxaA,american
NlsxuhV6CUONOyI7xk7-mw,bbq
wcwftlB-61XG4ymGTR61aw,japanese
yk8j4W34Cy4K6uy9Btkf9Q,burgers
VzstANC68PM1BbyOcDXEtw,japanese
X8ZS-dgiMIJvhwf9SaDnjw,chinese
xMUZfoyzyJoTfZxrEZus4Q,american
bnDfFdiCcPzhuNWUJORvLQ,chinese
ueVSTErmXbqtN1glQd5p5A,caribbean
LAlo9dPfAhXHkArcs_IvZA,caribbean
unKv93JlCAZZfkkuDiNE-g,korean
77EedCTJY1biWIYSzAulCQ,burgers
ZLPYcgEeRllSoeWyr7y4Ig,pizza
036OHcA8Au0yTOrrcj5SEQ,american
txSykTj5nbwmpiVNoK_Dyg,american
lQ8Fzgji9qmgRXkFcvAsVQ,chinese
bokNBgAa9rmMMO8dkZVR1w,japanese
nD7Hcq5aaCASbWzc0-Sg3A,burgers
0U9uW93o9DUnAP7r-76LVg,korean
